ANO,MES,qtd_populacao_entrevistada,qtd_febre,perc_febre,qtd_tosse,perc_tosse,qtd_ficou_em_casa,qtd_posto_saude,qtd_entubados,perc_entubados,qtd_com_plano_saude,qtd_sem_plano_saude,qtd_afastados,qtd_remunerados,qtd_carteira_assinada,media_horas_trabalhadas,media_renda_normal,qtd_em_home_office,qtd_nao_procurou_trabalho,qtd_outros_rendimentos
2020,5,349306,8448,2.42,12099,3.46,26736,2906,50,0.01,88501,260072,31062,10866,50097,27.665182631656158,1.0,11897,32804,349306
2020,6,381270,6545,1.72,8973,2.35,18712,2898,62,0.02,87921,290886,28301,9627,53523,29.481565385220826,1.0,13001,33372,381270
2020,7,384166,5832,1.52,8482,2.21,15542,2873,68,0.02,86877,295320,24006,7649,53367,31.958478332411413,1.0,12407,35315,384166
2020,8,386520,4880,1.26,7863,2.03,12901,2648,63,0.02,85282,299358,18805,5749,53303,33.779342299662225,1.0,12473,31664,386520
2020,9,387298,3084,0.8,5540,1.43,9341,2088,47,0.01,86999,299181,15828,4643,53525,34.695486991350485,1.0,12041,27844,387298
2020,10,380461,2768,0.73,4574,1.2,7540,1694,44,0.01,86379,293361,13342,3736,53198,35.299695119843477,1.0,11117,23881,380461
2020,11,381438,3168,0.83,5259,1.38,7439,1809,39,0.01,87150,293657,12435,3359,53625,35.664373461002924,1.0,10863,22109,381438
